,Accuracy,F1,Precision,Recall
R_raw,0.855072463768116,0.8780487804878049,1.0,0.782608695652174
R_DST,0.9130434782608695,0.9387755102040817,0.8846153846153846,1.0
R_pruned,0.9130434782608695,0.9387755102040817,0.8846153846153846,1.0
F_raw,0.9855072463768116,0.989247311827957,0.9787234042553191,1.0
F_DST,1.0,1.0,1.0,1.0
F_pruned,1.0,1.0,1.0,1.0
