,Accuracy,F1,Precision,Recall
R_raw,0.7861538461538462,0.7663865546218488,1.0,0.6212534059945504
R_DST,0.9830769230769231,0.9847856154910097,1.0,0.9700272479564033
R_pruned,0.9830769230769231,0.9847856154910097,1.0,0.9700272479564033
F_raw,0.9815384615384616,0.9835164835164835,0.9916897506925207,0.9754768392370572
F_DST,0.9892307692307692,0.990450204638472,0.9918032786885246,0.989100817438692
F_pruned,0.9892307692307692,0.9905020352781547,0.9864864864864865,0.9945504087193461
