,Accuracy,F1,Precision,Recall
R_raw,0.86,0.8372093023255814,1.0,0.72
R_DST,0.86,0.8771929824561403,0.78125,1.0
R_pruned,0.86,0.8771929824561403,0.78125,1.0
F_raw,1.0,1.0,1.0,1.0
F_DST,1.0,1.0,1.0,1.0
F_pruned,0.78,0.717948717948718,1.0,0.56
