System,Accuracy,F1,F1_macro,Precision,Recall,NLL,LogLoss,ECE,unc_comb,unc_mean,Uncertainty,Uncertainty_combined,Uncertainty_rule_avg
s_dst,0.9750830564784053,0.9721706864564007,0.9748071477394785,0.9703703703703703,0.9739776951672863,0.06659661736558815,0.06659661736558815,0.025222173500099747,7.584227842104274e-13,0.788861870765686,7.584227842104274e-13,7.584227842104274e-13,0.788861870765686
r_raw,0.9850498338870431,0.9833641404805915,0.9848947399235537,0.9779411764705882,0.9888475836431226,0.13510228489458032,0.13510228489458032,0.05400648644234244,,,,,
r_dst,0.9900332225913622,0.9888059701492538,0.989911967110555,0.9925093632958801,0.9851301115241635,0.08815204494515542,0.08815204494515542,0.060576685069404626,0.1209251657128334,0.6152251958847046,0.1209251657128334,0.1209251657128334,0.6152251958847046
f_raw,0.9883720930232558,0.9868667917448405,0.9882173004923904,0.9962121212121212,0.9776951672862454,0.19222099886245436,0.19222099886245436,0.008084163897132133,,,,,
f_dst,0.9883720930232558,0.9868667917448405,0.9882173004923904,0.9962121212121212,0.9776951672862454,0.08246117852736123,0.08246117852736123,0.06099590718157351,0.13688363134860992,0.5411192178726196,0.13688363134860992,0.13688363134860992,0.5411192178726196
baseline_dt,0.9850498338870431,0.9832402234636871,0.9848734850451869,0.9850746268656716,0.9814126394052045,0.4130883555547492,0.4130883555547492,0.014950166111956764,,,,,
baseline_rf,0.9933554817275747,0.9925093632958801,0.9932696070210745,1.0,0.9851301115241635,0.02486348422465236,0.02486348422465236,0.009327242525599778,,,,,
baseline_gb,0.9933554817275747,0.9925093632958801,0.9932696070210745,1.0,0.9851301115241635,0.029553579078946218,0.029553579078946218,0.005237947923383029,,,,,
