System,Accuracy,F1,F1_macro,Precision,Recall,NLL,LogLoss,ECE,unc_comb,unc_mean,Uncertainty,Uncertainty_combined,Uncertainty_rule_avg
s_dst,0.6240384615384615,0.6828872668288727,0.6106289935088873,0.651702786377709,0.717206132879046,0.6559490556659814,0.6559490556659814,0.022830297407760162,3.4060033158311853e-06,0.800922691822052,3.4060033158311853e-06,3.4060033158311853e-06,0.800922691822052
r_raw,0.6125,0.5949748743718593,0.6117731514716439,0.7254901960784313,0.504258943781942,0.6620095480950011,0.6620095480950011,0.0725389174519919,,,,,
r_dst,0.7057692307692308,0.7571428571428571,0.6919860627177701,0.7087667161961367,0.8126064735945485,0.5967975162885819,0.5967975162885819,0.08012007723934667,0.19142553210258484,0.6539933681488037,0.19142553210258484,0.19142553210258484,0.6539933681488037
f_raw,0.675,0.6916058394160584,0.6740549522283543,0.7445972495088409,0.645655877342419,1.511014032679138,1.511014032679138,0.0480830278723539,,,,,
f_dst,0.7,0.7577639751552795,0.6819122906079428,0.6961483594864479,0.8313458262350937,0.5964467559621649,0.5964467559621649,0.08911758166827916,0.304669588804245,0.6162091493606567,0.304669588804245,0.304669588804245,0.6162091493606567
baseline_dt,0.7615384615384615,0.7936772046589018,0.7556085339923211,0.775609756097561,0.8126064735945485,6.588935804568576,6.588935804568576,0.23846153846053852,,,,,
baseline_rf,0.8192307692307692,0.8456486042692939,0.8137755782367351,0.8161648177496038,0.8773424190800682,0.3888674789562379,0.3888674789562379,0.03915384615388362,,,,,
baseline_gb,0.7423076923076923,0.7869634340222575,0.7304646853809584,0.7377049180327869,0.8432708688245315,0.5281005195292667,0.5281005195292667,0.042580638794053924,,,,,
