System,Accuracy,F1,F1_macro,Precision,Recall,NLL,LogLoss,ECE,unc_comb,unc_mean,Uncertainty,Uncertainty_combined,Uncertainty_rule_avg
s_dst,0.9878706199460916,0.98786806990076,0.9869092644753165,0.9878874628152647,0.9878706199460916,0.10349659495748569,0.10349659495748569,0.026029675937599167,6.267115217567203e-30,0.7243608236312866,6.267115217567203e-30,6.267115217567203e-30,0.7243608236312866
r_raw,0.9712488769092543,0.9713405519835848,0.9687862071372204,0.9717758034332851,0.9712488769092543,0.4166771207673427,0.4166771207673427,0.056675437474850154,,,,,
r_dst,0.9793351302785265,0.9793424060271945,0.9784073082052526,0.9795981340074068,0.9793351302785265,0.10142914501088536,0.10142914501088536,0.031031824669197346,0.049607325345277786,0.24472953379154205,0.049607325345277786,0.049607325345277786,0.24472953379154205
f_raw,0.9820305480682839,0.9820786112917108,0.9813186664293964,0.9826681350804274,0.9820305480682839,0.15310023788969515,0.15310023788969515,0.006603773580065329,,,,,
f_dst,0.9829290206648698,0.9829722396850247,0.9824929316492518,0.9834421245922617,0.9829290206648698,0.07971526860684709,0.07971526860684709,0.021771984276204207,0.04335726052522659,0.1393667608499527,0.04335726052522659,0.04335726052522659,0.1393667608499527
baseline_dt,0.9761904761904762,0.9762345153426156,0.9743973407389893,0.9763640676075315,0.9761904761904762,0.6578814551461561,0.6578814551461561,0.023809523804523613,,,,,
baseline_rf,0.9937106918238994,0.9937046757099258,0.9933573246594481,0.9937499197025242,0.9937106918238994,0.08259701048377623,0.08259701048377623,0.03002470799992519,,,,,
baseline_gb,0.9923629829290207,0.9923571304621749,0.9923155777591558,0.9923716816879662,0.9923629829290207,0.05649710737730789,0.05649710737730789,0.022978640325830975,,,,,
