System,Accuracy,F1,F1_macro,Precision,Recall,NLL,LogLoss,ECE,unc_comb,unc_mean,Uncertainty,Uncertainty_combined,Uncertainty_rule_avg
s_dst,0.8019063406547866,0.6091578086672118,0.7382452934537835,0.5983935742971888,0.6203164029975021,0.42772633016212597,0.42772633016212597,0.03098136093755545,0.0019650955218821764,0.7839808464050293,0.0019650955218821764,0.0019650955218821764,0.7839808464050293
r_raw,0.8458350600911728,0.6309523809523809,0.7667595849235451,0.7803680981595092,0.5295587010824313,0.4696468940752064,0.4696468940752064,0.07295498664380026,,,,,
r_dst,0.8566100290095316,0.6793327154772938,0.7934960881896744,0.7659352142110762,0.6103247293921732,0.32440770376140465,0.32440770376140465,0.01468823731941726,0.20518234372138977,0.7210634350776672,0.20518234372138977,0.20518234372138977,0.7210634350776672
f_raw,0.8365105677579776,0.6145578895945286,0.7554051775388817,0.7434988179669031,0.5237302248126561,1.2184450959992366,1.2184450959992366,0.05184171070781108,,,,,
f_dst,0.8526730211355159,0.6669789227166276,0.7861966583784017,0.7623126338329764,0.5928393005828476,0.3430480755608147,0.3430480755608147,0.02616770811589065,0.23700176179409027,0.5786879658699036,0.23700176179409027,0.23700176179409027,0.5786879658699036
baseline_dt,0.8120596767509325,0.6241193535018649,0.7494129023345766,0.6212871287128713,0.626977518734388,5.1929830402304225,5.1929830402304225,0.18794032324806742,,,,,
baseline_rf,0.8648984666390386,0.7036363636363636,0.8080715366222613,0.7747747747747747,0.6444629475437136,0.31694833534351646,0.31694833534351646,0.011820348114189362,,,,,
baseline_gb,0.8686282635723166,0.6992409867172675,0.8076003448962796,0.8125689084895259,0.6136552872606161,0.2895331832339942,0.2895331832339942,0.019622445025614783,,,,,
