System,Accuracy,F1,F1_macro,Precision,Recall,NLL,LogLoss,ECE,unc_comb,unc_mean,Uncertainty,Uncertainty_combined,Uncertainty_rule_avg
s_dst,0.978405315614618,0.9759704251386322,0.9781812910006886,0.9705882352941176,0.9814126394052045,0.055230164957974025,0.055230164957974025,0.013975464009250205,8.900210212922643e-14,0.7861233949661255,8.900210212922643e-14,8.900210212922643e-14,0.7861233949661255
r_raw,0.9850498338870431,0.9833641404805915,0.9848947399235537,0.9779411764705882,0.9888475836431226,0.13510228489458032,0.13510228489458032,0.05400648644234244,,,,,
r_dst,0.9916943521594684,0.9906890130353817,0.9915963805806594,0.9925373134328358,0.9888475836431226,0.04445349482278533,0.04445349482278533,0.00969397869530919,0.026156356558203697,0.43162328004837036,0.026156356558203697,0.026156356558203697,0.43162328004837036
f_raw,0.9883720930232558,0.9868667917448405,0.9882173004923904,0.9962121212121212,0.9776951672862454,0.19222099886245436,0.19222099886245436,0.008084163897132133,,,,,
f_dst,0.9883720930232558,0.9868667917448405,0.9882173004923904,0.9962121212121212,0.9776951672862454,0.031533943053076774,0.031533943053076774,0.006502242987205132,0.02308296225965023,0.23232735693454742,0.02308296225965023,0.02308296225965023,0.23232735693454742
baseline_dt,0.9850498338870431,0.9832402234636871,0.9848734850451869,0.9850746268656716,0.9814126394052045,0.4130883555547492,0.4130883555547492,0.014950166111956764,,,,,
baseline_rf,0.9933554817275747,0.9925093632958801,0.9932696070210745,1.0,0.9851301115241635,0.02486348422465236,0.02486348422465236,0.009327242525599778,,,,,
baseline_gb,0.9933554817275747,0.9925093632958801,0.9932696070210745,1.0,0.9851301115241635,0.029553579078946218,0.029553579078946218,0.005237947923383029,,,,,
