Experiment,System,Accuracy,F1,Precision,Recall,Uncertainty
stable,stable:s_dst,0.9636363636363636,0.95,0.9047619047619048,1.0,0.7872502207756042
stable,stable:r_raw,0.9363636363636364,0.9041095890410958,0.9428571428571428,0.868421052631579,
stable,stable:r_dst,0.9636363636363636,0.9487179487179487,0.925,0.9736842105263158,0.6950336694717407
stable,stable:f_raw,0.9545454545454546,0.935064935064935,0.9230769230769231,0.9473684210526315,
stable,stable:f_dst,0.9545454545454546,0.935064935064935,0.9230769230769231,0.9473684210526315,0.6774851679801941
bench,bench:baseline_dt,0.9363636363636364,0.9090909090909091,0.8974358974358975,0.9210526315789473,
bench,bench:baseline_rf,0.9636363636363636,0.95,0.9047619047619048,1.0,
bench,bench:baseline_gb,0.9636363636363636,0.95,0.9047619047619048,1.0,
