System,Accuracy,F1,F1_macro,Precision,Recall,NLL,LogLoss,ECE,unc_comb,unc_mean,Uncertainty,Uncertainty_combined,Uncertainty_rule_avg
s_dst,0.6990384615384615,0.73541842772612,0.6932387567839073,0.7298657718120806,0.7410562180579217,0.5748111330708575,0.5748111330708575,0.02437254249542629,4.804789455192804e-07,0.774540364742279,4.804789455192804e-07,4.804789455192804e-07,0.774540364742279
r_raw,0.6125,0.5949748743718593,0.6117731514716439,0.7254901960784313,0.504258943781942,0.6620095480950011,0.6620095480950011,0.0725389174519919,,,,,
r_dst,0.7221153846153846,0.7656123276561233,0.712204038680482,0.7306501547987616,0.8040885860306644,0.5691802684460221,0.5691802684460221,0.05824822286556595,0.21938487887382507,0.6776965856552124,0.21938487887382507,0.21938487887382507,0.6776965856552124
f_raw,0.675,0.6916058394160584,0.6740549522283543,0.7445972495088409,0.645655877342419,1.511014032679138,1.511014032679138,0.0480830278723539,,,,,
f_dst,0.7211538461538461,0.7661290322580645,0.7104454685099846,0.7274119448698315,0.8091993185689949,0.565535261838138,0.565535261838138,0.061425155151495534,0.302726149559021,0.6205723285675049,0.302726149559021,0.302726149559021,0.6205723285675049
baseline_dt,0.7615384615384615,0.7936772046589018,0.7556085339923211,0.775609756097561,0.8126064735945485,6.588935804568576,6.588935804568576,0.23846153846053852,,,,,
baseline_rf,0.8192307692307692,0.8456486042692939,0.8137755782367351,0.8161648177496038,0.8773424190800682,0.3888674789562379,0.3888674789562379,0.03915384615388362,,,,,
baseline_gb,0.7423076923076923,0.7869634340222575,0.7304646853809584,0.7377049180327869,0.8432708688245315,0.5281005195292667,0.5281005195292667,0.042580638794053924,,,,,
