Experiment,System,Accuracy,F1,Precision,Recall,Uncertainty
stable,stable:s_dst,0.8392043099875673,0.6980544747081712,0.6552227903579255,0.7468776019983348,0.7748164534568787
stable,stable:r_raw,0.8458350600911728,0.6309523809523809,0.7803680981595092,0.5295587010824313,
stable,stable:r_dst,0.8493576460837132,0.6915570640644888,0.7050173010380623,0.678601165695254,0.622657060623169
stable,stable:f_raw,0.8365105677579776,0.6145578895945286,0.7434988179669031,0.5237302248126561,
stable,stable:f_dst,0.8510153336096146,0.6777229941730166,0.7339805825242719,0.6294754371357202,0.5288935899734497
bench,bench:baseline_dt,0.8120596767509325,0.6241193535018649,0.6212871287128713,0.626977518734388,
bench,bench:baseline_rf,0.8648984666390386,0.7036363636363636,0.7747747747747747,0.6444629475437136,
bench,bench:baseline_gb,0.8686282635723166,0.6992409867172675,0.8125689084895259,0.6136552872606161,
