Experiment,System,Accuracy,F1,Precision,Recall,Uncertainty
stable,stable:s_dst,0.9344115004492363,0.9344703837906803,0.9350255354502691,0.9344115004492363,0.645677924156189
stable,stable:r_raw,0.9703504043126685,0.9704431822861197,0.9708808615991177,0.9703504043126685,
stable,stable:r_dst,0.9793351302785265,0.9793556397676433,0.979556432393558,0.9793351302785265,0.18645359575748444
stable,stable:f_raw,0.9829290206648698,0.9829351927650416,0.9832972035983852,0.9829290206648698,
stable,stable:f_dst,0.981581311769991,0.9816172468998009,0.9821062689406159,0.981581311769991,0.028735006228089333
bench,bench:baseline_dt,0.9761904761904762,0.9762345153426156,0.9763640676075315,0.9761904761904762,
bench,bench:baseline_rf,0.9937106918238994,0.9937046757099258,0.9937499197025242,0.9937106918238994,
bench,bench:baseline_gb,0.9923629829290207,0.9923571304621749,0.9923716816879662,0.9923629829290207,
