System,Accuracy,F1,F1_macro,Precision,Recall,NLL,LogLoss,ECE,unc_comb,unc_mean,Uncertainty,Uncertainty_combined,Uncertainty_rule_avg
s_dst,0.8518108930052529,0.4851104707012488,0.6992805704063325,0.4085760517799353,0.5969267139479906,0.31507045335736816,0.31507045335736816,0.030904172599772385,8.386117769987322e-06,0.7949391007423401,8.386117769987322e-06,8.386117769987322e-06,0.7949391007423401
r_raw,0.8967376278683993,0.43960990247561893,0.6913694735065571,0.6016427104722792,0.3463356973995272,0.3401441103547894,0.3401441103547894,0.05125427933305122,,,,,
r_dst,0.8986729333701963,0.4492862509391435,0.6967448229651948,0.6164948453608248,0.3534278959810875,0.23140342070124112,0.23140342070124112,0.013117233965337836,0.15216785669326782,0.6806414723396301,0.15216785669326782,0.15216785669326782,0.6806414723396301
f_raw,0.890931711363008,0.38884585592563903,0.6644843987072986,0.5640449438202247,0.2966903073286052,0.8461174616845044,0.8461174616845044,0.03906766836361651,,,,,
f_dst,0.8967376278683993,0.3800829875518672,0.6618804442396296,0.637883008356546,0.2706855791962175,0.2560910932951935,0.2560910932951935,0.019495792957827565,0.16250115633010864,0.5326229929924011,0.16250115633010864,0.16250115633010864,0.5326229929924011
baseline_dt,0.8740669062759193,0.46631517281780904,0.6974628916357676,0.462253193960511,0.47044917257683216,3.4796599718852845,3.4796599718852845,0.1259330937230807,,,,,
baseline_rf,0.9059994470555709,0.5156695156695157,0.731809038300159,0.6487455197132617,0.42789598108747046,0.22059648018788905,0.22059648018788905,0.006914570085958426,,,,,
baseline_gb,0.903511197124689,0.4798807749627422,0.7133519370775923,0.6491935483870968,0.3806146572104019,0.21717173323588934,0.21717173323588934,0.01670867184861699,,,,,
