Experiment,System,Accuracy,F1,Precision,Recall,Uncertainty
stable,stable:s_dst,0.73125,0.5742574257425742,0.5471698113207547,0.6041666666666666,0.7975641489028931
stable,stable:r_raw,0.71875,0.4444444444444444,0.5454545454545454,0.375,
stable,stable:r_dst,0.74375,0.5060240963855421,0.6,0.4375,0.748677134513855
stable,stable:f_raw,0.725,0.42105263157894735,0.5714285714285714,0.3333333333333333,
stable,stable:f_dst,0.73125,0.44155844155844154,0.5862068965517241,0.3541666666666667,0.6123092770576477
bench,bench:baseline_dt,0.7125,0.5306122448979592,0.52,0.5416666666666666,
bench,bench:baseline_rf,0.8,0.5897435897435898,0.7666666666666667,0.4791666666666667,
bench,bench:baseline_gb,0.7875,0.6046511627906976,0.6842105263157895,0.5416666666666666,
