System,Accuracy,F1,F1_macro,Precision,Recall,NLL,LogLoss,ECE,unc_comb,unc_mean,Uncertainty,Uncertainty_combined,Uncertainty_rule_avg
s_dst,0.6756756756756757,0.5862068965517241,0.6597701149425287,0.53125,0.6538461538461539,0.5729576204194646,0.5729576204194646,0.15356467882728092,2.3403778470765246e-08,0.8002320528030396,2.3403778470765246e-08,2.3403778470765246e-08,0.8002320528030396
r_raw,0.6351351351351351,0.4489795918367347,0.588126159554731,0.4782608695652174,0.4230769230769231,2.0450090929755533,2.0450090929755533,0.13066280603954158,,,,,
r_dst,0.6081081081081081,0.4727272727272727,0.5804496578690127,0.4482758620689655,0.5,0.6645298666877012,0.6645298666877012,0.17090148788433027,0.306917667388916,0.6979470252990723,0.306917667388916,0.306917667388916,0.6979470252990723
f_raw,0.6486486486486487,0.43478260869565216,0.5899403239556692,0.5,0.38461538461538464,5.841252782304095,5.841252782304095,0.23896396404386208,,,,,
f_dst,0.6486486486486487,0.48,0.6073469387755102,0.5,0.46153846153846156,0.8013466959290062,0.8013466959290062,0.18076671969002658,0.2298726737499237,0.3494843542575836,0.2298726737499237,0.2298726737499237,0.3494843542575836
baseline_dt,0.5675675675675675,0.42857142857142855,0.5403726708074534,0.4,0.46153846153846156,11.948549671753886,11.948549671753886,0.4324324324314325,,,,,
baseline_rf,0.7297297297297297,0.6153846153846154,0.703525641025641,0.6153846153846154,0.6153846153846154,0.5592834648230177,0.5592834648230177,0.1110810810810811,,,,,
baseline_gb,0.6891891891891891,0.5660377358490566,0.6619662363455809,0.5555555555555556,0.5769230769230769,0.632839943637743,0.632839943637743,0.17756226698283706,,,,,
