Experiment,System,Accuracy,F1,Precision,Recall,Uncertainty
stable,stable:s_dst,0.9418604651162791,0.9338374291115312,0.95,0.9182156133828996,0.7936282753944397
stable,stable:r_raw,0.9850498338870431,0.9833641404805915,0.9779411764705882,0.9888475836431226,
stable,stable:r_dst,0.9900332225913622,0.9888059701492538,0.9925093632958801,0.9851301115241635,0.482501357793808
stable,stable:f_raw,0.9883720930232558,0.9868667917448405,0.9962121212121212,0.9776951672862454,
stable,stable:f_dst,0.9883720930232558,0.9868667917448405,0.9962121212121212,0.9776951672862454,0.36208856105804443
bench,bench:baseline_dt,0.9850498338870431,0.9832402234636871,0.9850746268656716,0.9814126394052045,
bench,bench:baseline_rf,0.9933554817275747,0.9925093632958801,1.0,0.9851301115241635,
bench,bench:baseline_gb,0.9933554817275747,0.9925093632958801,1.0,0.9851301115241635,
