Experiment,System,Accuracy,F1,Precision,Recall,Uncertainty
stable,stable:s_dst,0.7038461538461539,0.7437603993344426,0.7268292682926829,0.7614991482112436,0.7996209859848022
stable,stable:r_raw,0.6125,0.5949748743718593,0.7254901960784313,0.504258943781942,
stable,stable:r_dst,0.7230769230769231,0.7692307692307693,0.7261724659606656,0.817717206132879,0.7804586887359619
stable,stable:f_raw,0.6721153846153847,0.6902815622161671,0.7392996108949417,0.6473594548551959,
stable,stable:f_dst,0.7163461538461539,0.7599674532139952,0.7274143302180686,0.7955706984667802,0.6356915831565857
bench,bench:baseline_dt,0.7615384615384615,0.7936772046589018,0.775609756097561,0.8126064735945485,
bench,bench:baseline_rf,0.8192307692307692,0.8456486042692939,0.8161648177496038,0.8773424190800682,
bench,bench:baseline_gb,0.7423076923076923,0.7869634340222575,0.7377049180327869,0.8432708688245315,
