Experiment,System,Accuracy,F1,Precision,Recall,Uncertainty
stable,stable:s_dst,0.6081081081081081,0.5245901639344263,0.5333333333333333,0.5161290322580645,0.8001007437705994
stable,stable:r_raw,0.6081081081081081,0.5084745762711864,0.5357142857142857,0.4838709677419355,
stable,stable:r_dst,0.6081081081081081,0.43137254901960786,0.55,0.3548387096774194,0.7638608813285828
stable,stable:f_raw,0.6081081081081081,0.43137254901960786,0.55,0.3548387096774194,
stable,stable:f_dst,0.6486486486486487,0.5517241379310345,0.5925925925925926,0.5161290322580645,0.7098942995071411
bench,bench:baseline_dt,0.5135135135135135,0.4375,0.42424242424242425,0.45161290322580644,
bench,bench:baseline_rf,0.581081081081081,0.4745762711864407,0.5,0.45161290322580644,
bench,bench:baseline_gb,0.6081081081081081,0.43137254901960786,0.55,0.3548387096774194,
