System,Accuracy,F1,F1_macro,Precision,Recall,NLL,LogLoss,ECE,unc_comb,unc_mean,Uncertainty,Uncertainty_combined,Uncertainty_rule_avg
s_dst,0.6621621621621622,0.5901639344262295,0.6514038062935745,0.5142857142857142,0.6923076923076923,0.6182860280505149,0.6182860280505149,0.0810416640882187,3.007484039585506e-08,0.7997499108314514,3.007484039585506e-08,3.007484039585506e-08,0.7997499108314514
r_raw,0.6351351351351351,0.4489795918367347,0.588126159554731,0.4782608695652174,0.4230769230769231,2.0450090929755533,2.0450090929755533,0.13066280603954158,,,,,
r_dst,0.6486486486486487,0.4090909090909091,0.5795454545454546,0.5,0.34615384615384615,0.5877028936665578,0.5877028936665578,0.08241475361707912,0.41095787286758423,0.7622287273406982,0.41095787286758423,0.41095787286758423,0.7622287273406982
f_raw,0.6486486486486487,0.43478260869565216,0.5899403239556692,0.5,0.38461538461538464,5.841252782304095,5.841252782304095,0.23896396404386208,,,,,
f_dst,0.6621621621621622,0.4897959183673469,0.6186353329210472,0.5217391304347826,0.46153846153846156,0.6439243205047923,0.6439243205047923,0.11474935367438138,0.43525221943855286,0.607276439666748,0.43525221943855286,0.43525221943855286,0.607276439666748
baseline_dt,0.5675675675675675,0.42857142857142855,0.5403726708074534,0.4,0.46153846153846156,11.948549671753886,11.948549671753886,0.4324324324314325,,,,,
baseline_rf,0.7297297297297297,0.6153846153846154,0.703525641025641,0.6153846153846154,0.6153846153846154,0.5592834648230177,0.5592834648230177,0.1110810810810811,,,,,
baseline_gb,0.6891891891891891,0.5660377358490566,0.6619662363455809,0.5555555555555556,0.5769230769230769,0.632839943637743,0.632839943637743,0.17756226698283706,,,,,
