System,Accuracy,F1,F1_macro,Precision,Recall,Uncertainty,Uncertainty_rule_avg,Uncertainty_combined
s_dst,0.9636363636363636,0.95,0.9607142857142856,0.9047619047619048,1.0,0.04112059250473976,0.7769501209259033,0.04112059250473976
r_raw,0.9363636363636364,0.9041095890410958,0.928245270711024,0.9428571428571428,0.868421052631579,,,
r_dst,0.9181818181818182,0.8732394366197183,0.9064183760279799,0.9393939393939394,0.8157894736842105,0.43714410066604614,0.7426316738128662,0.43714410066604614
f_raw,0.9545454545454546,0.935064935064935,0.95004995004995,0.9230769230769231,0.9473684210526315,,,
f_dst,0.7181818181818181,0.6265060240963856,0.7001143259168059,0.5777777777777777,0.6842105263157895,0.5694397687911987,0.8085266947746277,0.5694397687911987
baseline_dt,0.9363636363636364,0.9090909090909091,0.93006993006993,0.8974358974358975,0.9210526315789473,,,
baseline_rf,0.9636363636363636,0.95,0.9607142857142856,0.9047619047619048,1.0,,,
baseline_gb,0.9636363636363636,0.95,0.9607142857142856,0.9047619047619048,1.0,,,
