Experiment,System,Accuracy,F1,Precision,Recall,Uncertainty
stable,stable:s_dst,0.8642521426596627,0.48747390396659707,0.43644859813084114,0.5520094562647754,0.7932078838348389
stable,stable:r_raw,0.8967376278683993,0.43960990247561893,0.6016427104722792,0.3463356973995272,
stable,stable:r_dst,0.8927287807575338,0.558589306029579,0.5383771929824561,0.5803782505910166,0.6193971633911133
stable,stable:f_raw,0.890931711363008,0.38884585592563903,0.5640449438202247,0.2966903073286052,
stable,stable:f_dst,0.8960464473320431,0.5091383812010444,0.5685131195335277,0.46099290780141844,0.4933824837207794
bench,bench:baseline_dt,0.8740669062759193,0.46631517281780904,0.462253193960511,0.47044917257683216,
bench,bench:baseline_rf,0.9059994470555709,0.5156695156695157,0.6487455197132617,0.42789598108747046,
bench,bench:baseline_gb,0.903511197124689,0.4798807749627422,0.6491935483870968,0.3806146572104019,
