System,Accuracy,F1,F1_macro,Precision,Recall,NLL,LogLoss,ECE,unc_comb,unc_mean,Uncertainty,Uncertainty_combined,Uncertainty_rule_avg
s_dst,0.7625,0.5957446808510638,0.7138015439653549,0.6086956521739131,0.5833333333333334,0.527629408099433,0.527629408099433,0.08068971272945338,5.669365350513544e-07,0.7990521788597107,5.669365350513544e-07,5.669365350513544e-07,0.7990521788597107
r_raw,0.71875,0.4444444444444444,0.6280799628079963,0.5454545454545454,0.375,0.9218636512138316,0.9218636512138316,0.09874255967544468,,,,,
r_dst,0.75625,0.4657534246575342,0.6539293439077145,0.68,0.3541666666666667,0.5299407688205706,0.5299407688205706,0.07341699685373759,0.39884883165359497,0.789718747138977,0.39884883165359497,0.39884883165359497,0.789718747138977
f_raw,0.725,0.42105263157894735,0.6203623813632442,0.5714285714285714,0.3333333333333333,4.488842884698284,4.488842884698284,0.16104166670316952,,,,,
f_dst,0.725,0.42105263157894735,0.6203623813632442,0.5714285714285714,0.3333333333333333,0.521840666743277,0.521840666743277,0.03850740692300043,0.45465517044067383,0.6223376989364624,0.45465517044067383,0.45465517044067383,0.6223376989364624
baseline_dt,0.7125,0.5306122448979592,0.661702518845376,0.52,0.5416666666666666,7.943918570830458,7.943918570830458,0.2874999999989999,,,,,
baseline_rf,0.8,0.5897435897435898,0.7287560923924561,0.7666666666666667,0.4791666666666667,0.48738615135614916,0.48738615135614916,0.08803125,,,,,
baseline_gb,0.7875,0.6046511627906976,0.7296760087457761,0.6842105263157895,0.5416666666666666,0.48440020267613715,0.48440020267613715,0.05121080300262229,,,,,
