Dataset,Model,Accuracy,F1_Score,ROC_AUC,Avg_Precision
7,RandomForest,0.907563025210084,0.508235294117647,0.9208870722251653,0.5880038840887615
7,DST,0.8918620079610792,0.3141654978962132,0.834003456900237,0.4441059030482464
8,RandomForest,0.8664235996022539,0.7069090909090909,0.9172242247171468,0.8126556770475845
8,DST,,,,
