System,Accuracy,F1,Precision,Recall
s_dst,0.8331951927061749,0.6086533787068547,0.7313084112149533,0.5212323064113239
r_raw,0.838168255283879,0.6335053965274519,0.7258064516129032,0.5620316402997502
r_dst,0.8462494819726482,0.6278836509528586,0.7894073139974779,0.5212323064113239
f_raw,0.8404475756319933,0.5930232558139535,0.8118668596237337,0.46711074104912575
f_dst,0.8489432242022379,0.6549929010884997,0.7587719298245614,0.5761865112406328
dt,0.810401989225031,0.6204894234757362,0.6181818181818182,0.6228143213988343
rf,0.8421052631578947,0.7122356495468278,0.6516931582584657,0.7851790174854288
gb,0.8667633651056775,0.7315240083507307,0.7336683417085427,0.7293921731890092
